dataset_name,category,file_size_mb,created_at
User Behavior Logs 2023_v1,Finance,4367.18,2024-11-04 12:14:38
IoT Sensor Data 2023_v4,Marketing,3296.23,2024-03-23 00:34:33
Supply Chain Metrics 2024_v1,Finance,1138.0,2024-07-13 01:17:06
Financial Transactions 2024_v6,Operations,4001.54,2024-05-13 09:03:03
Server Access Logs 2025_v9,Sales,3291.31,2025-02-04 03:28:46
Financial Transactions 2023_v6,Operations,2488.5,2024-10-26 17:37:35
Server Access Logs 2024_v2,Logistics,270.73,2025-08-06 12:19:50
Network Traffic Dump 2025_v6,Marketing,4749.15,2025-10-30 18:29:31
Financial Transactions 2024_v2,Human Resources,4343.56,2025-04-08 09:08:14
Supply Chain Metrics 2023_v10,Finance,161.89,2023-12-15 19:31:12
Customer Churn Data 2024_v9,Finance,4419.82,2025-09-30 07:44:01
Q1 Sales Report 2023_v7,Finance,1036.45,2025-12-04 22:35:58
Inventory Status 2023_v8,Sales,2732.54,2024-06-18 01:47:02
Employee Performance 2025_v9,Marketing,3907.8,2025-03-15 19:54:23
Supply Chain Metrics 2023_v10,IT Security,1592.15,2025-02-22 18:40:26
Inventory Status 2023_v2,Sales,655.04,2025-08-31 13:49:43
Inventory Status 2024_v3,Marketing,228.39,2024-03-18 18:02:59
Network Traffic Dump 2024_v1,Marketing,848.44,2024-08-22 09:34:09
Customer Churn Data 2023_v6,Operations,3095.75,2024-05-06 03:08:36
Customer Churn Data 2023_v2,Healthcare,4813.13,2025-04-16 11:22:36
Employee Performance 2023_v7,Finance,4464.97,2024-02-18 19:24:33
Inventory Status 2023_v4,Marketing,2926.74,2024-03-28 02:16:33
Server Access Logs 2023_v1,Healthcare,2833.17,2024-11-11 11:46:57
Social Media Sentiment 2024_v6,Sales,4801.86,2024-02-28 12:14:41
Financial Transactions 2024_v2,Healthcare,4807.57,2024-08-04 00:59:57
Q1 Sales Report 2023_v8,Human Resources,1078.66,2024-09-22 13:14:43
Employee Performance 2025_v7,IT Security,3995.45,2024-11-29 11:46:14
User Behavior Logs 2023_v7,IT Security,4892.5,2025-10-10 04:15:19
Financial Transactions 2023_v2,Healthcare,17.75,2024-08-07 20:37:54
Network Traffic Dump 2025_v8,Sales,830.6,2024-05-04 09:26:12
Employee Performance 2025_v10,Operations,2270.29,2025-07-21 19:01:09
Inventory Status 2025_v9,Operations,884.47,2024-07-04 07:24:30
Network Traffic Dump 2024_v7,Human Resources,453.78,2024-06-26 10:30:09
Q1 Sales Report 2024_v8,Operations,3734.4,2024-09-15 17:59:44
Network Traffic Dump 2024_v10,Sales,1040.24,2024-07-26 18:55:12
Customer Churn Data 2025_v2,Operations,3404.78,2024-07-24 17:02:02
IoT Sensor Data 2023_v4,Human Resources,4318.0,2024-08-31 23:29:26
Server Access Logs 2023_v1,Operations,167.52,2025-04-04 09:45:22
Q1 Sales Report 2025_v1,Marketing,1012.83,2025-09-22 11:26:34
Employee Performance 2023_v4,Sales,251.13,2024-10-10 04:52:03
IoT Sensor Data 2023_v3,Marketing,3981.41,2025-11-26 20:18:45
Server Access Logs 2023_v6,Operations,3763.49,2024-05-03 04:51:24
Q1 Sales Report 2025_v8,Operations,2825.02,2024-03-16 19:49:12
Employee Performance 2024_v3,Finance,4398.03,2024-04-03 11:54:00
IoT Sensor Data 2023_v6,Sales,2975.49,2024-04-12 01:11:38
Server Access Logs 2024_v6,Logistics,3506.92,2024-08-13 08:31:47
Employee Performance 2024_v1,Operations,4912.36,2024-03-06 23:37:58
Inventory Status 2024_v1,Finance,4456.27,2024-03-11 09:04:35
Customer Churn Data 2024_v6,Operations,1047.35,2024-02-15 15:57:24
Network Traffic Dump 2023_v5,Healthcare,3348.75,2023-12-23 23:22:35
User Behavior Logs 2024_v5,Logistics,846.39,2025-07-01 10:16:07
Inventory Status 2023_v9,Finance,2029.77,2024-09-15 04:42:40
Social Media Sentiment 2025_v1,Human Resources,3099.23,2025-06-14 20:06:20
Financial Transactions 2025_v8,Sales,3855.52,2025-05-09 10:29:26
Server Access Logs 2023_v10,Human Resources,2226.44,2025-08-13 23:03:19
IoT Sensor Data 2025_v3,Operations,2513.87,2024-08-19 07:23:11
Supply Chain Metrics 2023_v9,Operations,1944.22,2024-12-30 05:57:47
Server Access Logs 2025_v7,Healthcare,2131.9,2024-07-13 06:54:58
Server Access Logs 2025_v2,IT Security,1309.88,2024-09-07 15:15:20
Inventory Status 2024_v5,Healthcare,797.85,2025-02-26 12:33:20
Server Access Logs 2023_v7,IT Security,1138.8,2024-03-14 15:33:11
Network Traffic Dump 2024_v10,Marketing,2743.16,2024-12-25 04:22:14
Financial Transactions 2024_v9,Healthcare,2488.54,2024-09-10 08:19:03
Customer Churn Data 2025_v2,Logistics,4670.55,2024-03-05 20:04:26
User Behavior Logs 2024_v1,Human Resources,4633.34,2025-11-23 16:32:32
Healthcare Records 2025_v9,Healthcare,1858.04,2025-09-27 15:45:41
Social Media Sentiment 2025_v4,Marketing,259.83,2024-05-24 08:53:17
Customer Churn Data 2023_v5,Logistics,4390.15,2024-09-25 11:10:31
Employee Performance 2024_v5,IT Security,3858.84,2025-09-18 19:36:28
Inventory Status 2024_v2,Operations,3341.65,2024-10-17 13:06:04
Inventory Status 2023_v10,Finance,2240.47,2024-08-20 04:32:39
Social Media Sentiment 2024_v4,Sales,1192.56,2025-06-04 12:24:14
Customer Churn Data 2023_v6,Human Resources,2886.99,2025-06-06 07:39:00
Server Access Logs 2024_v5,Operations,573.72,2024-09-18 17:15:13
IoT Sensor Data 2024_v10,Operations,3565.79,2024-01-05 03:38:28
User Behavior Logs 2024_v3,Finance,3699.14,2025-09-12 19:55:08
Supply Chain Metrics 2024_v3,Healthcare,4071.11,2024-11-02 06:53:08
Financial Transactions 2023_v3,Human Resources,3747.37,2025-09-05 07:10:21
Customer Churn Data 2025_v6,Marketing,2303.72,2024-08-16 12:41:05
Social Media Sentiment 2025_v7,Logistics,415.27,2025-06-18 04:57:49
Healthcare Records 2025_v1,Finance,1406.64,2024-08-10 17:30:00
Financial Transactions 2023_v2,Human Resources,526.51,2024-10-14 01:53:36
Supply Chain Metrics 2023_v10,IT Security,1048.94,2024-05-10 12:04:45
Server Access Logs 2024_v4,Human Resources,4813.92,2024-12-22 05:42:16
Inventory Status 2024_v9,Logistics,4605.14,2024-10-21 02:22:06
Social Media Sentiment 2024_v7,Sales,831.6,2025-06-10 04:39:50
Supply Chain Metrics 2025_v9,Operations,3146.17,2025-11-20 00:50:58
Financial Transactions 2023_v8,IT Security,4306.13,2024-07-18 18:02:26
Healthcare Records 2023_v2,Finance,2602.75,2024-04-25 09:07:29
Inventory Status 2023_v8,Logistics,4547.11,2024-07-15 10:44:59
Healthcare Records 2023_v6,Operations,3460.91,2025-03-26 01:40:04
Supply Chain Metrics 2024_v8,Healthcare,4602.71,2025-06-30 22:28:32
Q1 Sales Report 2025_v9,Marketing,920.13,2024-09-22 00:01:33
Supply Chain Metrics 2023_v10,Finance,4917.16,2024-09-20 09:41:34
IoT Sensor Data 2025_v3,Sales,4145.82,2025-07-09 13:37:27
User Behavior Logs 2023_v9,Sales,2693.23,2025-05-20 08:43:31
User Behavior Logs 2024_v3,Logistics,2727.78,2024-10-24 01:12:41
Inventory Status 2023_v10,Marketing,1682.03,2025-01-20 22:19:26
Q1 Sales Report 2025_v7,Operations,1793.49,2025-06-08 18:51:55
Inventory Status 2023_v2,Marketing,2760.14,2023-12-21 03:47:29
Financial Transactions 2024_v2,Human Resources,3981.13,2025-12-12 23:45:37
Supply Chain Metrics 2024_v2,Sales,3121.08,2025-09-08 06:47:40
Financial Transactions 2025_v5,Logistics,2240.88,2025-01-25 05:07:12
Employee Performance 2023_v8,Human Resources,494.99,2024-07-22 08:35:36
Customer Churn Data 2024_v10,Finance,1662.4,2025-01-15 12:06:14
Server Access Logs 2025_v1,IT Security,3642.72,2024-11-10 09:52:11
Financial Transactions 2024_v2,Sales,457.8,2025-08-17 05:53:47
Employee Performance 2023_v5,Marketing,2584.62,2024-07-12 01:15:33
Financial Transactions 2023_v7,Finance,727.68,2024-03-08 11:52:29
IoT Sensor Data 2025_v6,Healthcare,3201.03,2023-12-29 18:18:18
Network Traffic Dump 2025_v6,Operations,1751.49,2024-04-12 01:43:16
IoT Sensor Data 2024_v6,Sales,3884.07,2024-05-05 09:31:54
Q1 Sales Report 2024_v1,Finance,3944.08,2025-05-05 17:40:37
Supply Chain Metrics 2025_v2,Human Resources,2104.73,2024-03-16 12:48:33
Financial Transactions 2023_v1,Finance,2108.04,2025-06-17 07:38:39
Network Traffic Dump 2025_v2,Finance,4028.39,2024-12-11 15:27:07
Social Media Sentiment 2023_v5,Human Resources,4299.51,2024-08-29 19:37:00
Healthcare Records 2024_v5,Logistics,3447.73,2025-09-29 16:47:56
Server Access Logs 2025_v10,IT Security,1000.18,2025-10-05 03:40:30
Healthcare Records 2025_v10,Finance,662.58,2024-11-25 15:28:04
Social Media Sentiment 2024_v9,Finance,2198.87,2024-01-23 13:04:13
Server Access Logs 2025_v7,Human Resources,3640.47,2024-02-25 03:11:02
Server Access Logs 2025_v4,IT Security,3717.62,2025-04-28 02:16:40
Financial Transactions 2025_v1,Human Resources,3588.82,2024-04-07 06:15:30
Server Access Logs 2023_v8,Operations,2590.73,2024-10-26 01:01:14
User Behavior Logs 2023_v7,Sales,2471.17,2025-03-25 15:39:02
Financial Transactions 2025_v7,Human Resources,957.29,2025-08-25 01:49:18
Healthcare Records 2023_v2,Human Resources,1897.9,2025-06-23 10:31:13
Network Traffic Dump 2024_v9,Logistics,2582.57,2024-02-02 08:12:25
Financial Transactions 2025_v4,Operations,4224.93,2025-01-16 17:14:40
Network Traffic Dump 2024_v2,Marketing,1551.27,2024-08-27 21:07:08
Employee Performance 2024_v9,Operations,2069.13,2025-08-24 19:58:37
Supply Chain Metrics 2024_v10,Sales,3050.84,2024-08-24 08:42:18
Social Media Sentiment 2025_v7,Human Resources,229.84,2025-04-13 21:22:09
Q1 Sales Report 2024_v6,Marketing,846.19,2025-02-07 03:22:23
Customer Churn Data 2025_v4,Human Resources,1744.38,2024-02-07 15:55:56
Server Access Logs 2024_v4,Operations,4384.15,2024-07-12 15:11:44
Network Traffic Dump 2025_v8,Human Resources,1993.29,2025-09-26 07:30:03
Q1 Sales Report 2023_v7,Operations,2595.75,2025-06-16 22:25:04
Social Media Sentiment 2023_v2,Operations,498.83,2025-08-16 03:53:47
Employee Performance 2023_v3,Logistics,2234.62,2025-09-28 04:44:41
Financial Transactions 2024_v4,Healthcare,4197.03,2024-06-06 21:39:53
Q1 Sales Report 2025_v9,Finance,4665.14,2025-04-20 23:28:18
User Behavior Logs 2023_v3,Operations,4945.22,2025-12-11 17:07:08
Customer Churn Data 2025_v7,Finance,1703.91,2024-03-10 01:48:23
Healthcare Records 2023_v6,Healthcare,1080.36,2025-04-04 22:30:42
User Behavior Logs 2023_v5,IT Security,4033.27,2024-07-14 01:39:53
Healthcare Records 2025_v6,Sales,4628.17,2024-06-12 21:48:19
Q1 Sales Report 2025_v3,Healthcare,2834.12,2025-06-02 20:07:16
Supply Chain Metrics 2025_v3,Finance,326.85,2025-11-18 10:13:21
User Behavior Logs 2025_v3,Healthcare,1647.08,2024-04-16 17:05:00
User Behavior Logs 2024_v1,Logistics,2935.75,2023-12-25 21:22:33
User Behavior Logs 2023_v5,Logistics,4772.63,2024-09-08 05:18:15
User Behavior Logs 2024_v7,Marketing,698.32,2025-07-13 02:34:42
Inventory Status 2025_v10,Human Resources,3336.27,2025-07-10 06:27:49
Inventory Status 2025_v2,IT Security,1731.97,2024-02-25 14:45:06
Network Traffic Dump 2024_v7,Sales,2349.48,2025-10-26 20:02:37
Supply Chain Metrics 2023_v6,Marketing,4816.71,2024-06-25 10:12:21
Healthcare Records 2024_v10,IT Security,2835.96,2024-08-20 07:03:45
Healthcare Records 2024_v9,Operations,1167.73,2024-02-20 23:14:39
Financial Transactions 2024_v7,IT Security,4993.15,2025-01-25 07:46:30
Network Traffic Dump 2023_v9,Healthcare,4427.69,2024-04-12 14:09:26
Q1 Sales Report 2023_v2,IT Security,2198.62,2025-10-02 11:54:58
Network Traffic Dump 2025_v5,Sales,2693.14,2025-09-01 14:49:39
Financial Transactions 2025_v10,Sales,2662.52,2025-07-01 19:32:57
Network Traffic Dump 2024_v3,Logistics,1422.41,2024-03-25 08:01:04
Financial Transactions 2024_v3,IT Security,3066.57,2025-03-05 11:20:48
Healthcare Records 2023_v6,Logistics,575.1,2024-07-17 03:07:58
Server Access Logs 2025_v10,Human Resources,2280.52,2024-10-24 12:28:39
Server Access Logs 2023_v1,Healthcare,1377.48,2024-03-20 00:21:41
Server Access Logs 2025_v4,Logistics,793.35,2025-08-29 08:55:37
Financial Transactions 2023_v4,Logistics,2374.29,2024-01-30 05:13:12
Supply Chain Metrics 2025_v7,Marketing,4509.22,2024-02-27 06:23:58
Inventory Status 2024_v3,Human Resources,211.61,2024-11-04 10:57:30
Inventory Status 2025_v2,Marketing,2926.94,2024-07-20 10:14:12
Healthcare Records 2024_v8,Sales,1958.2,2025-09-29 09:22:31
Inventory Status 2023_v8,Marketing,3953.99,2025-02-23 07:40:14
Social Media Sentiment 2024_v6,IT Security,4664.36,2024-07-20 12:23:55
Customer Churn Data 2024_v7,Finance,888.38,2025-12-01 01:57:12
Q1 Sales Report 2023_v10,Healthcare,4563.02,2025-02-08 01:06:37
Customer Churn Data 2025_v6,IT Security,1842.82,2024-07-01 20:23:32
Inventory Status 2024_v7,Healthcare,2031.46,2025-07-17 02:34:55
Healthcare Records 2024_v7,Sales,192.92,2024-06-03 13:22:12
Network Traffic Dump 2025_v6,Human Resources,3478.98,2025-01-01 05:53:39
Server Access Logs 2025_v1,Marketing,4444.27,2025-11-15 13:17:28
Employee Performance 2025_v10,Finance,4763.26,2024-10-26 06:10:54
Q1 Sales Report 2025_v10,Human Resources,1940.37,2024-12-10 04:36:56
User Behavior Logs 2024_v10,Sales,89.91,2025-08-28 14:34:04
Financial Transactions 2024_v9,Operations,1344.62,2025-01-26 00:33:28
Supply Chain Metrics 2024_v8,IT Security,2951.22,2025-04-03 03:12:08
Q1 Sales Report 2023_v7,Marketing,1533.41,2025-10-24 19:14:01
Social Media Sentiment 2023_v5,Finance,4038.69,2024-03-24 19:31:35
Financial Transactions 2023_v8,Logistics,3311.61,2024-08-18 21:31:23
Server Access Logs 2025_v6,Healthcare,1040.45,2024-01-27 17:26:03
Network Traffic Dump 2024_v9,Sales,4857.51,2025-08-24 22:12:54
Social Media Sentiment 2025_v8,IT Security,1619.39,2024-05-06 15:37:37
Social Media Sentiment 2023_v2,Marketing,3206.1,2025-06-10 03:07:12
IoT Sensor Data 2023_v8,Marketing,1782.27,2025-06-29 02:38:56
Healthcare Records 2023_v6,Logistics,4221.69,2024-08-20 22:34:58
Social Media Sentiment 2024_v5,Marketing,3356.26,2024-01-03 03:13:20
Healthcare Records 2023_v9,Operations,1230.06,2025-04-07 03:21:39
Healthcare Records 2025_v3,Operations,11.62,2025-10-18 14:41:06
Social Media Sentiment 2025_v6,IT Security,3708.68,2024-08-09 02:33:13
Customer Churn Data 2025_v7,Logistics,2671.22,2025-10-05 16:38:07
Supply Chain Metrics 2024_v5,Sales,4988.05,2024-09-23 16:01:59
User Behavior Logs 2023_v8,Operations,1733.39,2025-11-13 05:22:45
User Behavior Logs 2024_v6,Human Resources,4886.56,2024-06-17 07:40:44
Supply Chain Metrics 2024_v4,Sales,3739.74,2024-11-23 07:44:44
Customer Churn Data 2024_v7,Operations,1335.59,2024-09-15 00:54:39
Network Traffic Dump 2023_v4,Logistics,4798.93,2024-12-29 20:47:08
Q1 Sales Report 2023_v9,Finance,2094.55,2024-03-22 06:02:59
Inventory Status 2023_v1,Logistics,700.08,2024-08-20 15:46:58
Supply Chain Metrics 2025_v6,Healthcare,1221.97,2025-11-25 23:13:31
Supply Chain Metrics 2025_v2,Human Resources,485.67,2025-02-04 10:13:33
User Behavior Logs 2024_v6,Sales,1647.76,2023-12-14 20:34:13
Network Traffic Dump 2024_v5,Healthcare,196.91,2024-01-07 01:20:34
Network Traffic Dump 2025_v7,Operations,4183.95,2024-07-30 22:30:20
Customer Churn Data 2024_v2,Healthcare,26.92,2024-04-13 12:07:55
Customer Churn Data 2023_v4,Healthcare,409.55,2024-04-14 15:20:52
IoT Sensor Data 2023_v7,Logistics,4871.84,2025-10-20 06:03:13
User Behavior Logs 2025_v3,Logistics,3891.16,2024-05-20 15:25:00
Customer Churn Data 2025_v5,IT Security,2740.2,2024-09-26 14:11:28
Supply Chain Metrics 2024_v1,Healthcare,2959.24,2025-02-03 13:16:55
Employee Performance 2025_v8,Healthcare,4926.08,2025-10-21 19:55:26
Server Access Logs 2025_v5,Operations,3331.02,2024-07-28 07:37:19
Inventory Status 2024_v6,Logistics,1073.76,2024-08-24 05:04:38
Network Traffic Dump 2024_v5,Sales,4423.44,2025-10-18 02:53:57
Supply Chain Metrics 2023_v4,Operations,4688.45,2025-11-06 11:29:37
User Behavior Logs 2025_v7,Human Resources,4719.8,2025-08-01 06:51:12
Supply Chain Metrics 2023_v8,Marketing,1353.59,2024-03-08 05:45:36
IoT Sensor Data 2023_v8,Sales,1161.22,2025-11-16 19:51:58
Employee Performance 2023_v10,Sales,4427.99,2024-07-19 15:36:57
Server Access Logs 2023_v1,IT Security,1247.51,2025-04-25 04:45:05
Customer Churn Data 2023_v10,Healthcare,4502.62,2025-05-18 22:56:17
Financial Transactions 2025_v9,Logistics,4602.12,2025-09-19 05:51:28
Employee Performance 2023_v5,Operations,2083.43,2025-06-22 02:22:31
Financial Transactions 2025_v2,Finance,2605.18,2025-06-20 02:01:15
Network Traffic Dump 2025_v9,Marketing,4378.82,2025-01-23 23:50:53
Supply Chain Metrics 2023_v1,Finance,2461.71,2024-04-11 12:24:40
Financial Transactions 2024_v7,Operations,1834.42,2025-10-22 19:36:03
User Behavior Logs 2024_v8,Healthcare,4532.77,2024-08-21 05:35:58
Q1 Sales Report 2025_v3,Healthcare,2300.2,2024-11-24 11:51:43
Customer Churn Data 2024_v10,Healthcare,4274.92,2025-07-06 22:57:03
Healthcare Records 2023_v9,Finance,4771.57,2025-05-02 11:21:01
Q1 Sales Report 2025_v8,IT Security,584.2,2024-08-05 19:06:24
Server Access Logs 2024_v6,Logistics,1935.4,2025-02-19 01:29:25
Supply Chain Metrics 2023_v3,Sales,3548.8,2025-08-04 01:23:59
Network Traffic Dump 2024_v8,Finance,3500.87,2025-12-07 03:48:40
Customer Churn Data 2025_v6,Sales,4882.29,2024-07-07 21:56:51
Server Access Logs 2023_v10,Logistics,439.15,2025-06-18 14:17:46
Customer Churn Data 2024_v9,Operations,2863.58,2025-07-24 18:48:42
Customer Churn Data 2025_v3,Finance,3328.31,2025-10-15 00:18:18
Healthcare Records 2024_v1,IT Security,1548.77,2024-02-10 15:11:13
IoT Sensor Data 2024_v6,Finance,3111.2,2024-08-21 23:03:21
Inventory Status 2024_v3,Operations,4969.35,2025-01-26 15:00:09
Financial Transactions 2023_v9,Finance,4748.32,2024-02-11 02:05:15
IoT Sensor Data 2025_v2,Operations,1919.07,2024-07-29 05:45:14
User Behavior Logs 2025_v2,IT Security,1573.84,2024-02-13 00:25:13
User Behavior Logs 2024_v8,Human Resources,1851.55,2025-08-24 02:40:46
Employee Performance 2024_v7,Finance,2014.49,2025-08-22 06:08:09
Healthcare Records 2025_v10,Logistics,1904.92,2025-09-06 11:47:17
IoT Sensor Data 2023_v8,Marketing,3424.57,2024-03-05 16:36:02
Supply Chain Metrics 2023_v2,Sales,4031.52,2023-12-18 01:15:43
IoT Sensor Data 2024_v9,Healthcare,3100.55,2024-03-13 18:01:16
Supply Chain Metrics 2025_v5,Healthcare,4812.95,2024-07-01 08:59:24
Employee Performance 2023_v8,Logistics,2578.53,2025-06-19 17:04:27
Social Media Sentiment 2024_v4,Sales,3296.36,2025-04-19 02:02:23
Server Access Logs 2023_v2,Operations,585.81,2024-08-15 09:35:36
Network Traffic Dump 2023_v8,Sales,1486.89,2025-01-01 01:43:41
Customer Churn Data 2023_v7,Sales,2620.41,2025-10-23 06:48:52
Social Media Sentiment 2024_v6,IT Security,4755.13,2025-07-10 03:03:37
Network Traffic Dump 2024_v4,Human Resources,2763.66,2025-03-02 17:24:27
Network Traffic Dump 2023_v8,IT Security,704.95,2024-06-28 18:38:47
Server Access Logs 2025_v2,IT Security,820.56,2025-04-16 02:48:17
Q1 Sales Report 2023_v4,Logistics,837.34,2025-07-22 03:21:31
Server Access Logs 2023_v2,Operations,4360.17,2024-04-14 11:19:35
Inventory Status 2023_v9,Operations,1234.36,2025-08-18 10:37:35
Social Media Sentiment 2023_v1,Healthcare,3859.31,2025-05-03 17:23:33
IoT Sensor Data 2024_v8,IT Security,4649.74,2025-07-28 01:59:01
Network Traffic Dump 2024_v10,Logistics,688.34,2024-02-02 07:16:43
Social Media Sentiment 2025_v7,Human Resources,4273.78,2025-10-01 14:49:17
Server Access Logs 2023_v3,Sales,2878.01,2024-08-27 14:55:55
Financial Transactions 2025_v7,Logistics,3328.27,2025-08-11 20:55:16
Customer Churn Data 2023_v9,Operations,4101.67,2025-02-24 16:12:27
User Behavior Logs 2023_v6,IT Security,4191.95,2025-11-03 16:58:31
Customer Churn Data 2025_v2,Marketing,81.14,2024-04-05 09:43:57
Financial Transactions 2023_v9,IT Security,672.15,2024-02-28 21:49:32
Inventory Status 2024_v3,Marketing,4563.91,2023-12-29 07:59:12
Inventory Status 2024_v1,Healthcare,2654.5,2024-06-23 15:29:10
Inventory Status 2025_v10,Logistics,4360.06,2024-07-10 14:19:39
Healthcare Records 2025_v9,IT Security,4814.57,2025-03-08 07:20:01
Supply Chain Metrics 2025_v3,Operations,3450.58,2025-03-27 15:10:54
Server Access Logs 2023_v4,Marketing,1404.97,2024-11-13 11:06:21
Inventory Status 2024_v8,Sales,4514.68,2024-04-10 09:25:46
Network Traffic Dump 2025_v9,Logistics,1276.75,2024-11-01 10:23:27
Social Media Sentiment 2024_v6,IT Security,1301.8,2024-10-21 23:13:43
Customer Churn Data 2023_v9,Healthcare,3690.29,2024-11-11 18:33:13
Inventory Status 2024_v5,Healthcare,356.44,2025-12-02 07:24:29
Customer Churn Data 2024_v5,Finance,1397.08,2025-02-20 18:02:44
IoT Sensor Data 2023_v3,Sales,938.64,2024-03-25 11:50:07
Social Media Sentiment 2024_v6,Sales,3663.07,2025-02-02 17:39:02
Social Media Sentiment 2023_v8,Healthcare,328.88,2024-04-23 02:33:58
Employee Performance 2024_v8,Human Resources,2946.99,2025-03-22 07:54:48
Server Access Logs 2025_v3,Healthcare,1542.26,2025-11-08 02:37:08
Financial Transactions 2023_v7,Healthcare,502.56,2024-04-01 02:55:49
IoT Sensor Data 2025_v3,IT Security,3157.66,2025-07-21 20:58:47
Supply Chain Metrics 2025_v7,Operations,4352.37,2025-06-12 06:38:57
Healthcare Records 2024_v2,IT Security,2335.26,2025-05-28 09:44:38
Inventory Status 2024_v2,Finance,155.98,2025-09-20 09:11:55
Employee Performance 2025_v5,Marketing,433.79,2025-05-18 14:17:00
User Behavior Logs 2025_v4,Finance,4754.0,2025-06-23 16:07:09
Server Access Logs 2023_v3,Human Resources,1242.75,2025-05-27 22:50:27
User Behavior Logs 2025_v5,Logistics,4988.83,2025-03-23 23:42:24
Q1 Sales Report 2024_v2,Finance,3113.28,2024-02-13 12:59:01
Employee Performance 2025_v9,IT Security,4884.29,2025-05-10 23:04:28
IoT Sensor Data 2023_v5,Human Resources,362.76,2024-06-25 10:35:43
Network Traffic Dump 2024_v1,Operations,4250.06,2024-01-25 22:57:04
Server Access Logs 2025_v5,Sales,4413.99,2025-10-12 23:36:57
Healthcare Records 2025_v2,Sales,3090.18,2025-01-05 20:55:17
Customer Churn Data 2025_v2,Logistics,1467.53,2024-06-29 11:21:23
User Behavior Logs 2025_v9,Operations,331.02,2025-11-10 03:34:12
IoT Sensor Data 2025_v1,Marketing,2110.31,2024-06-26 03:35:55
Network Traffic Dump 2025_v6,Logistics,277.93,2025-03-16 17:58:54
Inventory Status 2025_v5,Operations,4880.29,2025-01-09 23:53:21
Server Access Logs 2023_v4,Marketing,906.16,2024-07-22 19:40:58
Q1 Sales Report 2025_v5,Sales,2384.87,2024-12-01 16:48:25
IoT Sensor Data 2023_v10,Operations,4659.93,2025-03-04 05:09:49
Social Media Sentiment 2023_v4,Finance,3542.65,2025-10-07 17:48:09
Server Access Logs 2023_v2,Human Resources,653.91,2025-09-21 20:42:34
Employee Performance 2023_v5,Sales,1782.15,2024-01-27 19:45:38
Customer Churn Data 2024_v6,Healthcare,1239.0,2024-10-13 04:42:30
IoT Sensor Data 2024_v3,Finance,2940.36,2025-08-19 22:21:02
Supply Chain Metrics 2025_v7,Sales,1184.07,2024-11-16 11:05:40
Financial Transactions 2024_v10,Operations,695.42,2025-07-30 01:28:27
Inventory Status 2024_v8,Operations,4035.56,2025-01-29 15:02:00
Server Access Logs 2024_v5,Logistics,3717.45,2025-10-22 16:01:27
Q1 Sales Report 2024_v6,Healthcare,2427.41,2025-01-26 05:59:01
Server Access Logs 2024_v8,Operations,287.05,2024-01-15 01:01:46
Q1 Sales Report 2024_v4,Sales,3274.75,2023-12-27 07:24:22
Supply Chain Metrics 2024_v4,Human Resources,3940.57,2023-12-20 03:46:02
Employee Performance 2024_v5,Sales,2304.11,2025-03-07 14:41:39
Network Traffic Dump 2023_v3,Operations,3240.49,2025-04-30 07:53:19
User Behavior Logs 2024_v9,Operations,2147.87,2024-01-16 12:19:44
Employee Performance 2023_v2,Healthcare,558.66,2024-02-05 23:33:28
Healthcare Records 2024_v8,Sales,59.23,2024-02-11 05:28:25
Network Traffic Dump 2025_v5,IT Security,4983.01,2024-09-30 07:28:42
Inventory Status 2025_v2,Logistics,15.25,2024-01-30 14:55:42
Inventory Status 2025_v2,IT Security,2375.05,2025-08-11 11:02:53
IoT Sensor Data 2025_v3,Finance,1520.76,2024-06-25 14:34:47
Customer Churn Data 2023_v5,Finance,4473.57,2024-03-20 13:48:43
User Behavior Logs 2024_v8,Healthcare,1291.7,2024-10-22 15:17:12
Financial Transactions 2025_v2,IT Security,1441.18,2024-12-16 03:04:19
Healthcare Records 2025_v10,Finance,1850.18,2024-01-27 04:47:27
IoT Sensor Data 2023_v10,Marketing,1465.3,2024-07-14 03:18:22
IoT Sensor Data 2024_v6,Human Resources,3880.17,2024-03-06 08:25:47
Employee Performance 2023_v10,Sales,2624.95,2025-03-20 22:59:17
Supply Chain Metrics 2025_v5,Healthcare,4072.38,2025-10-24 10:04:00
IoT Sensor Data 2023_v3,Finance,3935.81,2025-05-29 21:09:38
Server Access Logs 2023_v1,Sales,759.24,2025-02-13 16:02:56
Server Access Logs 2023_v6,Logistics,4799.45,2024-06-30 00:04:14
User Behavior Logs 2023_v5,Sales,3105.29,2025-01-10 12:22:47
IoT Sensor Data 2024_v9,Logistics,441.66,2024-01-23 19:49:04
IoT Sensor Data 2023_v3,Marketing,3552.33,2024-03-20 15:23:47
Customer Churn Data 2023_v1,Healthcare,2720.11,2025-11-13 19:16:19
IoT Sensor Data 2024_v5,Healthcare,1764.48,2024-02-26 18:09:24
Network Traffic Dump 2025_v4,Operations,1902.29,2025-01-22 11:24:49
Social Media Sentiment 2024_v9,Finance,281.34,2025-01-20 14:00:24
Network Traffic Dump 2025_v8,Marketing,1713.5,2025-07-19 21:35:38
Q1 Sales Report 2024_v2,Healthcare,672.38,2025-03-21 19:02:17
Healthcare Records 2023_v5,Logistics,3258.05,2025-12-02 09:58:01
Customer Churn Data 2024_v8,IT Security,3301.86,2025-05-10 18:12:54
IoT Sensor Data 2023_v3,Finance,4306.87,2025-08-09 11:58:48
Financial Transactions 2023_v8,Marketing,2443.2,2024-12-18 09:22:36
Supply Chain Metrics 2025_v8,Logistics,2790.73,2025-09-06 07:05:29
Employee Performance 2025_v7,Logistics,460.64,2024-02-28 02:44:36
User Behavior Logs 2023_v8,Finance,614.32,2025-07-17 11:24:37
Q1 Sales Report 2025_v7,Finance,2551.51,2025-07-18 01:23:50
Financial Transactions 2023_v6,IT Security,2816.32,2025-03-02 22:34:00
Server Access Logs 2024_v7,IT Security,2462.71,2025-09-08 06:07:23
User Behavior Logs 2023_v4,Human Resources,2307.87,2024-07-25 14:44:21
Inventory Status 2025_v7,Healthcare,206.43,2025-03-26 05:57:46
Healthcare Records 2025_v4,Finance,3032.58,2024-06-10 17:47:19
Inventory Status 2023_v5,Human Resources,2677.38,2024-11-24 00:28:11
Server Access Logs 2025_v4,Sales,1276.89,2025-03-12 04:43:10
User Behavior Logs 2025_v7,Finance,1214.78,2024-06-14 02:06:48
Supply Chain Metrics 2024_v7,Sales,2468.1,2024-10-08 18:16:17
Healthcare Records 2023_v5,IT Security,713.4,2025-02-26 08:42:12
User Behavior Logs 2024_v3,Marketing,4471.27,2024-08-07 16:35:20
Network Traffic Dump 2023_v10,Human Resources,1922.8,2025-08-14 16:39:11
Inventory Status 2023_v3,Logistics,4735.32,2025-02-21 16:58:28
Supply Chain Metrics 2023_v1,Operations,3476.64,2024-08-23 15:47:42
Customer Churn Data 2023_v7,Logistics,3905.12,2025-03-06 02:51:35
Financial Transactions 2024_v6,Logistics,4844.76,2024-10-22 13:22:27
Inventory Status 2025_v7,Sales,3126.86,2024-08-17 16:09:58
Social Media Sentiment 2024_v5,Sales,1805.97,2025-08-27 15:09:01
IoT Sensor Data 2024_v3,Logistics,4695.73,2025-11-08 10:13:18
Q1 Sales Report 2023_v3,Logistics,1456.83,2025-06-30 19:45:14
Supply Chain Metrics 2025_v9,Operations,208.16,2024-03-23 15:37:15
Social Media Sentiment 2024_v7,Logistics,4249.99,2024-11-27 21:46:08
Server Access Logs 2023_v2,Human Resources,288.91,2025-10-21 08:40:50
Inventory Status 2024_v9,Healthcare,2570.57,2025-07-01 12:03:25
Social Media Sentiment 2023_v2,Logistics,3621.95,2024-06-26 16:30:31
Supply Chain Metrics 2024_v9,Operations,1936.77,2025-08-22 02:38:33
Network Traffic Dump 2023_v1,Marketing,1707.96,2024-08-30 08:12:27
Q1 Sales Report 2024_v9,Operations,1979.64,2025-03-26 11:03:42
Financial Transactions 2024_v9,Human Resources,93.91,2025-03-13 20:00:27
Social Media Sentiment 2024_v8,IT Security,4780.25,2025-02-14 14:59:13
Social Media Sentiment 2024_v10,Finance,4654.92,2024-10-12 01:54:25
User Behavior Logs 2023_v7,Human Resources,1916.84,2024-04-18 01:53:25
Employee Performance 2025_v5,Logistics,2942.68,2024-11-25 08:27:58
Inventory Status 2023_v5,Human Resources,1185.84,2024-07-19 17:28:08
IoT Sensor Data 2025_v5,Human Resources,369.97,2025-03-01 17:02:08
Employee Performance 2024_v2,Marketing,3620.41,2024-07-07 10:04:35
User Behavior Logs 2023_v9,Sales,4396.42,2024-01-11 14:53:35
Server Access Logs 2024_v7,Operations,1551.56,2024-02-29 11:41:39
Social Media Sentiment 2023_v6,Sales,2200.43,2025-03-17 03:51:20
Social Media Sentiment 2023_v7,Logistics,3283.88,2024-03-13 05:31:21
Healthcare Records 2024_v6,Marketing,4775.59,2024-10-31 03:35:33
IoT Sensor Data 2023_v5,IT Security,633.75,2025-03-07 23:58:14
Server Access Logs 2025_v10,Healthcare,3274.57,2024-05-13 02:41:05
Financial Transactions 2025_v8,Sales,318.45,2024-06-01 10:25:04
Supply Chain Metrics 2025_v5,Operations,4577.94,2024-02-03 19:53:31
Q1 Sales Report 2024_v6,Human Resources,4227.41,2025-09-03 16:08:30
Financial Transactions 2023_v4,Healthcare,4489.05,2025-04-03 08:47:49
Employee Performance 2025_v8,Finance,2798.88,2025-07-27 19:28:03
Financial Transactions 2025_v9,Operations,1743.32,2025-01-23 00:22:40
Supply Chain Metrics 2023_v7,Finance,961.08,2024-01-12 08:54:58
Q1 Sales Report 2024_v8,Logistics,4500.55,2024-02-19 17:20:58
Server Access Logs 2023_v4,Operations,2834.09,2024-02-03 00:03:50
Server Access Logs 2024_v3,Human Resources,4456.95,2025-03-04 02:17:50
Financial Transactions 2024_v10,Marketing,650.41,2025-01-14 20:55:15
IoT Sensor Data 2025_v5,Finance,3349.13,2024-05-06 23:25:39
Social Media Sentiment 2024_v6,Human Resources,3188.46,2025-09-14 18:09:32
Customer Churn Data 2023_v9,Marketing,1790.54,2025-11-14 03:36:41
Healthcare Records 2024_v3,Human Resources,3365.92,2025-09-07 18:57:50
Server Access Logs 2025_v6,Healthcare,3024.72,2025-11-12 05:02:29
Customer Churn Data 2023_v5,Human Resources,4289.44,2025-04-14 16:08:27
Healthcare Records 2025_v5,Finance,3342.0,2024-01-15 22:20:37
Customer Churn Data 2025_v6,Human Resources,372.08,2025-09-22 18:02:22
Server Access Logs 2023_v10,Finance,2403.53,2024-11-03 11:47:41
Healthcare Records 2025_v3,Healthcare,2855.93,2024-02-02 10:31:38
Employee Performance 2023_v10,Logistics,4790.83,2025-11-04 00:05:48
Financial Transactions 2023_v3,Sales,1907.16,2024-06-21 13:39:46
Server Access Logs 2023_v8,Logistics,2434.03,2024-07-17 19:54:09
Inventory Status 2023_v3,IT Security,364.02,2025-11-30 03:29:26
User Behavior Logs 2023_v3,Marketing,4209.97,2024-06-25 20:35:19
Supply Chain Metrics 2023_v2,Healthcare,1012.57,2025-10-11 02:35:44
Q1 Sales Report 2024_v7,Logistics,4303.15,2025-01-11 16:22:25
Financial Transactions 2023_v4,IT Security,1073.87,2024-03-17 01:38:10
Network Traffic Dump 2024_v3,Sales,792.92,2025-10-06 06:17:15
IoT Sensor Data 2025_v6,Logistics,4283.51,2025-08-21 03:36:57
IoT Sensor Data 2024_v2,Finance,2288.76,2025-05-24 03:10:50
Q1 Sales Report 2023_v8,IT Security,4554.64,2024-12-14 12:02:22
Supply Chain Metrics 2025_v9,Marketing,1282.26,2025-08-22 15:54:30
IoT Sensor Data 2025_v3,IT Security,1392.18,2025-08-04 06:30:48
Supply Chain Metrics 2025_v10,Finance,4680.56,2025-07-28 17:53:13
Financial Transactions 2023_v3,Marketing,164.49,2024-08-29 04:23:17
Server Access Logs 2025_v10,IT Security,3260.75,2024-11-04 23:02:52
User Behavior Logs 2024_v8,Operations,1150.7,2024-04-13 19:51:32
Healthcare Records 2023_v7,Logistics,2371.38,2025-03-07 20:56:33
Network Traffic Dump 2023_v7,Human Resources,3714.66,2025-09-22 19:23:40
Supply Chain Metrics 2023_v8,Healthcare,3682.86,2024-02-02 08:18:15
Supply Chain Metrics 2023_v7,Finance,2635.35,2025-11-08 15:21:19
Inventory Status 2025_v10,Sales,1272.01,2024-02-20 20:42:38
Server Access Logs 2024_v9,Finance,4262.18,2024-06-07 20:31:06
Q1 Sales Report 2025_v1,Marketing,4757.69,2025-04-27 08:22:30
Employee Performance 2025_v7,IT Security,1020.29,2024-07-13 23:17:02
Server Access Logs 2023_v10,Human Resources,280.27,2025-01-06 18:03:29
Customer Churn Data 2024_v8,Human Resources,325.7,2024-03-28 16:23:42
Server Access Logs 2023_v2,Marketing,2602.15,2024-05-19 07:31:59
Employee Performance 2025_v7,Marketing,822.05,2025-03-24 19:14:32
Healthcare Records 2024_v9,Human Resources,3280.9,2025-07-26 00:41:30
User Behavior Logs 2025_v5,IT Security,69.85,2025-03-05 08:34:27
Financial Transactions 2024_v1,IT Security,1274.76,2024-02-16 16:27:52
Social Media Sentiment 2024_v10,Marketing,3595.85,2024-09-15 18:33:12
Customer Churn Data 2023_v7,Marketing,4443.13,2025-05-21 08:07:03
Q1 Sales Report 2023_v2,Operations,1602.7,2025-01-05 05:41:45
Supply Chain Metrics 2024_v3,Human Resources,229.24,2024-04-18 10:36:04
Q1 Sales Report 2023_v10,Marketing,1233.8,2024-06-06 20:49:22
Q1 Sales Report 2024_v3,Logistics,4858.76,2024-07-09 20:49:05
Customer Churn Data 2025_v7,Finance,1029.49,2025-08-04 10:06:54
Network Traffic Dump 2024_v1,Finance,3665.97,2025-11-13 05:17:20
Customer Churn Data 2023_v2,IT Security,495.8,2025-01-14 12:59:20
Customer Churn Data 2025_v1,Finance,873.04,2025-11-30 10:32:29
User Behavior Logs 2023_v10,Human Resources,4409.5,2025-02-12 11:29:35
Supply Chain Metrics 2023_v7,Healthcare,663.37,2024-01-05 20:29:45
Healthcare Records 2024_v10,Human Resources,1027.28,2025-04-26 19:09:05
Financial Transactions 2024_v3,IT Security,4783.27,2024-11-01 13:07:13
Employee Performance 2025_v10,Human Resources,173.11,2024-05-13 09:50:24
Q1 Sales Report 2024_v4,Marketing,4487.59,2023-12-18 01:19:49
IoT Sensor Data 2023_v9,Healthcare,642.48,2025-07-29 08:39:39
Healthcare Records 2024_v6,Logistics,2202.06,2024-07-07 07:37:35
User Behavior Logs 2023_v3,Human Resources,4329.92,2024-07-03 22:03:42
IoT Sensor Data 2025_v7,Finance,2575.09,2023-12-25 22:50:29
Employee Performance 2024_v4,Operations,1115.02,2024-04-28 02:48:59
Inventory Status 2024_v7,Finance,2900.31,2024-07-01 21:08:22
User Behavior Logs 2023_v4,Healthcare,3692.73,2025-01-16 16:05:28
Healthcare Records 2025_v5,Sales,3861.27,2024-04-02 22:21:18
IoT Sensor Data 2025_v5,Sales,376.72,2024-11-11 03:32:33
Financial Transactions 2023_v8,Healthcare,1148.0,2024-01-10 01:44:31
Network Traffic Dump 2023_v2,Logistics,2204.44,2024-03-12 20:06:03
Customer Churn Data 2025_v8,Sales,1611.99,2024-11-19 13:34:07
Customer Churn Data 2023_v7,Logistics,2576.32,2025-07-08 14:50:57
Customer Churn Data 2023_v7,Logistics,4252.69,2025-05-31 14:36:09
Supply Chain Metrics 2023_v10,Finance,1054.89,2024-03-15 04:10:44
User Behavior Logs 2023_v5,Human Resources,1404.97,2025-11-22 00:15:44
User Behavior Logs 2025_v4,Logistics,1448.47,2025-04-22 10:17:49
Employee Performance 2024_v10,Healthcare,4062.46,2025-11-23 13:32:43
Supply Chain Metrics 2023_v10,Healthcare,1934.55,2024-03-13 07:11:20
Q1 Sales Report 2023_v8,Healthcare,3338.54,2024-05-16 02:09:06
Customer Churn Data 2023_v1,Logistics,4093.61,2024-03-15 17:00:52
IoT Sensor Data 2023_v2,Finance,820.24,2024-03-07 23:29:51
Q1 Sales Report 2025_v10,IT Security,3622.68,2025-02-18 09:38:31
User Behavior Logs 2023_v5,Operations,4233.77,2025-04-12 16:00:53
Healthcare Records 2025_v2,Logistics,1632.07,2025-07-11 10:26:25
Healthcare Records 2024_v9,IT Security,3953.4,2025-10-21 03:06:15
Employee Performance 2023_v4,Marketing,2740.53,2025-08-31 01:21:28
Social Media Sentiment 2023_v3,Marketing,407.31,2024-05-20 10:33:49
Social Media Sentiment 2024_v6,Logistics,4274.68,2024-11-22 15:26:40
Customer Churn Data 2023_v7,Marketing,2827.4,2025-09-08 01:45:08
Supply Chain Metrics 2024_v6,IT Security,1613.26,2025-08-14 21:13:44
Financial Transactions 2025_v7,Finance,515.65,2025-10-19 06:41:19
Healthcare Records 2023_v5,Sales,1066.8,2025-06-20 12:13:07
Employee Performance 2025_v3,Finance,470.46,2025-02-21 21:58:45
Customer Churn Data 2023_v1,IT Security,3582.81,2025-10-03 15:23:48
Social Media Sentiment 2024_v9,Marketing,2488.42,2025-09-03 15:32:46
Financial Transactions 2023_v2,Human Resources,1299.79,2025-08-12 12:42:41
Customer Churn Data 2025_v7,Operations,4054.87,2024-06-28 22:34:31
Supply Chain Metrics 2023_v4,Healthcare,1207.45,2024-06-06 22:19:51
Healthcare Records 2023_v8,Sales,4314.79,2024-02-03 17:24:38
IoT Sensor Data 2023_v7,IT Security,1157.69,2025-07-04 21:37:10
Employee Performance 2025_v10,Human Resources,1765.56,2024-11-14 16:44:57
Social Media Sentiment 2024_v3,IT Security,2231.5,2025-10-14 06:26:39
Network Traffic Dump 2023_v5,Sales,3228.91,2025-03-31 22:49:11
IoT Sensor Data 2025_v1,Human Resources,51.19,2024-11-21 13:42:29
Customer Churn Data 2023_v3,Operations,2449.03,2024-03-28 17:38:40
Inventory Status 2024_v10,Operations,1701.57,2025-03-21 04:28:46
Supply Chain Metrics 2023_v10,Finance,508.09,2024-05-16 08:45:45
Supply Chain Metrics 2024_v2,Healthcare,3607.62,2024-08-08 12:42:52
Q1 Sales Report 2025_v1,Marketing,2707.11,2024-11-04 18:30:56
Employee Performance 2025_v10,Finance,971.94,2024-11-23 03:03:47
Social Media Sentiment 2024_v3,Logistics,4983.42,2024-08-07 12:55:11
Employee Performance 2023_v9,Healthcare,4077.3,2025-07-23 06:03:55
Employee Performance 2025_v8,Logistics,1638.02,2025-10-12 07:08:38
Supply Chain Metrics 2024_v4,Operations,4936.26,2025-01-09 14:25:03
Healthcare Records 2024_v3,Finance,3108.1,2025-05-19 08:21:09
Supply Chain Metrics 2024_v7,IT Security,1783.33,2025-08-14 22:10:59
Healthcare Records 2023_v2,Human Resources,2482.58,2025-09-25 04:52:48
Inventory Status 2024_v3,Sales,541.41,2025-01-07 10:35:18
Employee Performance 2023_v7,Human Resources,2019.05,2025-06-16 17:10:16
Financial Transactions 2023_v2,Marketing,2614.76,2024-06-12 06:18:25
IoT Sensor Data 2025_v4,Sales,1335.51,2024-03-30 06:40:23
Inventory Status 2025_v9,Logistics,801.71,2025-01-31 18:34:38
Employee Performance 2025_v2,IT Security,4206.99,2025-02-15 22:55:18
Social Media Sentiment 2025_v10,Human Resources,783.45,2024-04-13 10:23:35
User Behavior Logs 2024_v9,Marketing,56.72,2024-07-02 14:49:35
Q1 Sales Report 2023_v9,Finance,2695.32,2025-11-26 16:31:47
Employee Performance 2023_v6,Logistics,3827.46,2024-01-20 22:41:10
Q1 Sales Report 2025_v10,Marketing,760.81,2024-09-14 09:15:25
Server Access Logs 2024_v2,Operations,2929.39,2025-08-09 05:21:01
Network Traffic Dump 2024_v7,Marketing,661.76,2025-05-09 14:22:26
Social Media Sentiment 2024_v10,Human Resources,3957.75,2024-01-09 19:52:53
Healthcare Records 2024_v4,Human Resources,2059.27,2024-06-07 12:07:22
Financial Transactions 2025_v4,Human Resources,2107.19,2024-10-27 09:29:47
Supply Chain Metrics 2023_v4,Sales,723.64,2024-12-27 21:42:22
User Behavior Logs 2024_v6,Healthcare,1338.11,2025-02-06 17:29:04
Financial Transactions 2025_v7,Healthcare,773.66,2025-11-27 13:46:41
IoT Sensor Data 2023_v2,Human Resources,2352.03,2024-04-25 07:15:37
Healthcare Records 2025_v1,Operations,4271.49,2024-12-27 22:26:50
Healthcare Records 2023_v2,Healthcare,894.84,2025-07-13 07:23:13
IoT Sensor Data 2025_v2,Finance,3996.26,2024-03-06 20:29:16
Employee Performance 2023_v4,Finance,4529.82,2025-06-09 04:48:48
Q1 Sales Report 2024_v10,IT Security,4379.33,2025-06-07 12:45:17
IoT Sensor Data 2023_v1,Healthcare,1023.0,2025-05-26 04:32:24
Healthcare Records 2023_v3,Sales,958.65,2025-11-08 22:38:54
Network Traffic Dump 2025_v3,Logistics,3136.96,2025-09-02 06:20:14
Server Access Logs 2024_v1,Sales,429.39,2024-06-19 14:40:39
User Behavior Logs 2025_v10,Operations,3275.94,2024-06-14 15:36:39
Healthcare Records 2023_v1,Finance,1255.83,2025-01-01 03:42:51
IoT Sensor Data 2024_v2,Human Resources,3527.19,2025-03-07 23:49:01
Healthcare Records 2025_v2,Marketing,791.54,2025-08-31 21:28:33
Network Traffic Dump 2023_v7,IT Security,53.81,2025-10-09 04:08:32
Q1 Sales Report 2025_v6,Finance,1360.39,2025-05-14 17:12:29
Inventory Status 2024_v8,Marketing,3765.29,2025-04-02 16:38:16
Financial Transactions 2023_v10,IT Security,595.82,2025-03-15 06:35:09
Employee Performance 2023_v1,IT Security,2862.61,2024-11-09 12:27:06
Q1 Sales Report 2023_v7,IT Security,546.21,2025-11-21 09:11:37
User Behavior Logs 2025_v1,IT Security,3939.71,2024-09-01 03:43:24
Q1 Sales Report 2023_v7,Sales,4937.92,2025-11-01 15:37:32
Healthcare Records 2023_v3,Logistics,316.55,2024-02-19 10:12:35
IoT Sensor Data 2024_v6,IT Security,3877.46,2025-05-07 11:40:03
Customer Churn Data 2023_v10,Marketing,3235.11,2024-04-18 15:07:12
Inventory Status 2025_v3,Marketing,741.49,2025-09-04 09:31:18
IoT Sensor Data 2023_v5,Operations,1042.81,2025-02-04 16:56:45
Healthcare Records 2024_v2,Sales,1142.97,2024-03-23 02:40:34
User Behavior Logs 2023_v10,Human Resources,1565.72,2024-10-11 22:56:04
Social Media Sentiment 2023_v3,Logistics,1666.03,2025-02-08 02:27:06
Inventory Status 2024_v10,Marketing,4142.51,2024-09-08 01:02:16
Network Traffic Dump 2025_v9,Operations,706.87,2025-11-18 08:59:40
Server Access Logs 2025_v8,IT Security,1374.91,2025-02-15 23:12:11
Customer Churn Data 2024_v6,Logistics,1016.14,2025-02-17 12:29:12
Network Traffic Dump 2023_v3,Human Resources,2342.69,2025-06-09 05:20:48
Healthcare Records 2023_v5,Healthcare,2177.82,2024-07-16 08:41:24
Server Access Logs 2024_v4,Logistics,1818.23,2025-06-25 15:39:49
Employee Performance 2025_v10,Sales,896.42,2025-03-26 18:06:54
Inventory Status 2024_v8,Healthcare,2276.36,2025-11-05 11:39:15
Financial Transactions 2023_v9,Marketing,2747.02,2024-08-27 13:18:15
Employee Performance 2024_v10,Finance,3843.5,2024-06-08 08:18:48
Employee Performance 2024_v1,Sales,1822.24,2024-09-25 15:39:37
Server Access Logs 2023_v9,Operations,3463.94,2024-10-19 08:28:58
Social Media Sentiment 2024_v4,Healthcare,1959.5,2024-11-07 13:49:36
Employee Performance 2024_v6,Logistics,3584.5,2025-08-22 15:31:49
Social Media Sentiment 2023_v3,Sales,1981.76,2025-02-07 10:26:23
Server Access Logs 2023_v3,Human Resources,3123.15,2024-01-01 21:59:20
Supply Chain Metrics 2024_v3,Human Resources,2581.19,2024-06-09 07:56:38
Supply Chain Metrics 2024_v9,Logistics,1099.91,2024-08-05 11:22:22
Supply Chain Metrics 2023_v9,Human Resources,584.11,2025-01-06 23:14:37
Server Access Logs 2025_v8,Sales,4216.18,2024-02-13 09:06:02
Network Traffic Dump 2025_v6,IT Security,4321.85,2025-07-16 00:16:37
Healthcare Records 2023_v7,Marketing,4200.23,2025-01-31 23:06:40
Financial Transactions 2025_v2,Operations,4118.66,2024-12-13 00:53:51
Supply Chain Metrics 2025_v6,IT Security,1863.76,2025-09-04 16:02:02
Supply Chain Metrics 2023_v2,IT Security,3415.43,2024-08-14 00:49:01
Supply Chain Metrics 2025_v7,Sales,4752.21,2025-06-14 21:30:45
User Behavior Logs 2024_v10,Healthcare,1446.61,2024-04-16 09:59:47
Employee Performance 2025_v4,Marketing,639.37,2024-04-02 12:26:01
Customer Churn Data 2025_v5,Marketing,1795.22,2025-09-02 01:55:24
Social Media Sentiment 2023_v5,Healthcare,1541.75,2024-06-14 04:30:55
IoT Sensor Data 2024_v7,Sales,4635.72,2025-09-01 16:10:15
Network Traffic Dump 2025_v6,Operations,511.11,2025-07-28 05:00:27
Employee Performance 2023_v2,Sales,4309.89,2025-08-25 20:58:56
Inventory Status 2023_v6,Logistics,1628.73,2024-07-25 11:09:58
Server Access Logs 2024_v1,Healthcare,2842.04,2025-08-11 17:41:02
Network Traffic Dump 2023_v3,Finance,2624.59,2025-01-14 01:51:01
Employee Performance 2025_v4,Sales,2469.22,2025-11-22 03:05:07
Customer Churn Data 2023_v10,IT Security,3179.63,2025-02-01 13:52:36
Customer Churn Data 2023_v9,Healthcare,1880.85,2025-06-25 00:45:52
Network Traffic Dump 2024_v1,IT Security,1111.73,2024-03-04 19:04:34
Q1 Sales Report 2025_v10,IT Security,2393.87,2024-01-23 18:15:34
User Behavior Logs 2024_v7,Marketing,2904.13,2024-12-26 12:43:11
User Behavior Logs 2024_v1,Sales,4071.67,2024-06-01 07:42:42
Financial Transactions 2023_v5,Sales,4264.94,2024-05-05 02:35:52
Employee Performance 2023_v1,Operations,4098.3,2024-09-20 11:28:10
Network Traffic Dump 2024_v6,Sales,1202.15,2025-08-04 10:48:45
Healthcare Records 2023_v9,Marketing,4294.14,2024-05-25 00:16:03
Network Traffic Dump 2023_v4,Marketing,573.47,2024-10-24 18:02:57
IoT Sensor Data 2024_v2,Marketing,811.06,2024-03-26 03:43:30
Healthcare Records 2024_v8,Marketing,2806.35,2025-01-12 02:55:56
Inventory Status 2023_v4,Human Resources,1954.08,2025-10-24 22:30:12
User Behavior Logs 2024_v5,Logistics,1777.86,2024-03-10 11:59:33
Social Media Sentiment 2025_v4,Sales,1296.29,2025-10-12 19:40:09
Financial Transactions 2023_v1,Sales,2832.25,2025-02-24 17:22:09
Supply Chain Metrics 2025_v5,IT Security,86.77,2024-03-26 14:36:59
Financial Transactions 2024_v1,Marketing,3965.24,2024-07-18 18:41:55
Financial Transactions 2025_v9,Finance,4648.63,2024-10-09 10:59:58
Customer Churn Data 2024_v5,Operations,2615.34,2025-10-06 20:07:50
IoT Sensor Data 2023_v3,Marketing,3199.83,2025-03-28 08:55:11
Financial Transactions 2024_v9,Operations,4495.15,2024-08-18 01:18:02
Financial Transactions 2025_v3,Human Resources,518.41,2025-10-11 04:43:03
Employee Performance 2025_v8,Finance,1564.28,2025-10-29 22:54:55
Financial Transactions 2024_v9,Human Resources,3865.3,2024-04-27 12:06:24
Healthcare Records 2025_v10,Logistics,3456.2,2024-11-28 22:37:30
Server Access Logs 2023_v7,Sales,2427.01,2025-03-20 21:24:55
User Behavior Logs 2023_v6,Logistics,445.58,2024-10-14 18:33:26
Server Access Logs 2024_v4,Operations,4564.77,2024-09-04 09:34:30
Healthcare Records 2025_v5,Human Resources,501.59,2024-09-01 01:25:16
Q1 Sales Report 2023_v2,Marketing,1873.71,2024-03-02 14:36:14
Supply Chain Metrics 2023_v8,Human Resources,3473.23,2025-02-16 18:32:30
Supply Chain Metrics 2023_v7,Human Resources,818.21,2025-02-23 10:43:30
Inventory Status 2025_v6,Operations,4606.15,2023-12-24 14:48:25
Customer Churn Data 2023_v3,Healthcare,433.7,2023-12-28 14:47:05
Customer Churn Data 2025_v6,Human Resources,1861.39,2025-04-24 10:30:10
Customer Churn Data 2025_v8,Logistics,3090.26,2025-07-22 11:24:36
Network Traffic Dump 2025_v4,Healthcare,720.25,2024-05-23 22:07:09
Social Media Sentiment 2023_v8,Operations,972.1,2025-08-17 09:22:31
Financial Transactions 2024_v8,Operations,204.66,2024-08-11 04:14:21
Q1 Sales Report 2024_v6,Marketing,2770.36,2024-09-09 17:16:58
Server Access Logs 2023_v5,Operations,2333.71,2025-09-03 16:38:11
IoT Sensor Data 2025_v4,Operations,1153.33,2025-02-15 20:13:31
Supply Chain Metrics 2023_v10,Sales,1243.72,2024-04-02 04:39:57
Customer Churn Data 2023_v7,Sales,4890.82,2024-09-19 18:38:24
Supply Chain Metrics 2023_v10,IT Security,1840.41,2024-03-04 09:47:57
Healthcare Records 2024_v1,Sales,3767.66,2025-11-21 08:06:53
Social Media Sentiment 2023_v10,Healthcare,2613.26,2025-12-10 07:08:34
Financial Transactions 2025_v1,Operations,4452.48,2025-05-25 20:42:41
Employee Performance 2025_v5,Marketing,4711.26,2024-01-13 17:31:17
Healthcare Records 2023_v10,Logistics,3315.25,2025-01-01 07:05:20
User Behavior Logs 2024_v3,Logistics,1425.63,2025-09-11 20:33:31
IoT Sensor Data 2025_v10,Marketing,967.74,2025-02-26 19:26:02
Social Media Sentiment 2023_v2,Operations,2474.25,2025-10-28 15:38:20
Supply Chain Metrics 2025_v2,Human Resources,3700.03,2025-07-16 19:46:23
Employee Performance 2025_v2,Healthcare,1720.29,2024-08-29 02:33:01
Customer Churn Data 2024_v7,Human Resources,3115.62,2025-11-19 15:41:35
Customer Churn Data 2023_v8,Logistics,592.44,2024-02-08 23:50:25
Q1 Sales Report 2023_v2,Sales,3333.9,2024-12-17 21:02:28
Network Traffic Dump 2024_v3,Sales,1662.72,2024-12-12 05:40:06
Q1 Sales Report 2023_v7,Marketing,3415.17,2024-12-05 11:42:11
Network Traffic Dump 2023_v10,IT Security,4757.11,2025-02-05 15:20:29
Q1 Sales Report 2024_v7,Healthcare,2013.52,2024-08-03 20:13:57
Financial Transactions 2023_v9,Healthcare,732.16,2023-12-31 00:43:40
Healthcare Records 2025_v9,Marketing,4499.68,2024-05-26 17:29:02
Network Traffic Dump 2025_v6,IT Security,2488.56,2025-01-24 05:28:13
IoT Sensor Data 2023_v8,Logistics,266.08,2024-10-15 02:33:13
Customer Churn Data 2025_v9,Sales,1826.12,2025-01-16 03:53:37
IoT Sensor Data 2025_v10,IT Security,3836.06,2025-09-24 16:47:41
User Behavior Logs 2023_v10,IT Security,869.27,2025-03-17 04:54:44
Social Media Sentiment 2023_v7,Healthcare,224.9,2025-04-02 23:47:00
Server Access Logs 2025_v5,Operations,1348.08,2024-06-15 02:17:39
Supply Chain Metrics 2024_v10,Logistics,1986.29,2025-11-07 15:39:45
Customer Churn Data 2024_v5,Logistics,1788.27,2024-02-02 08:00:22
Customer Churn Data 2025_v2,Marketing,1704.48,2025-09-26 01:03:30
Network Traffic Dump 2025_v2,Finance,493.02,2025-02-10 19:33:51
Financial Transactions 2024_v8,Logistics,1133.89,2024-09-09 05:42:43
Healthcare Records 2023_v6,Sales,4781.88,2024-03-29 18:57:44
Supply Chain Metrics 2024_v10,Operations,4531.92,2025-04-10 04:04:31
Q1 Sales Report 2025_v10,IT Security,205.65,2024-09-19 12:04:50
Server Access Logs 2025_v10,IT Security,1240.27,2024-06-12 21:10:54
Inventory Status 2024_v5,IT Security,4321.57,2025-05-23 16:28:49
Social Media Sentiment 2025_v10,Human Resources,2910.83,2024-04-04 08:15:32
Healthcare Records 2024_v5,Human Resources,3377.65,2024-10-12 04:49:04
Q1 Sales Report 2023_v3,Human Resources,882.12,2025-09-26 05:58:08
Healthcare Records 2023_v8,Marketing,1544.64,2024-04-17 04:46:51
Supply Chain Metrics 2024_v3,Sales,482.71,2024-11-05 23:37:25
Server Access Logs 2024_v8,Human Resources,2920.35,2024-01-15 10:58:07
IoT Sensor Data 2025_v4,Human Resources,1499.82,2024-10-11 20:15:38
Q1 Sales Report 2025_v3,Marketing,2170.08,2024-06-10 11:49:13
Server Access Logs 2025_v2,Healthcare,607.71,2025-01-31 16:59:29
Employee Performance 2023_v10,Human Resources,3249.82,2023-12-20 00:48:15
Supply Chain Metrics 2025_v4,IT Security,3098.48,2025-10-05 14:47:46
Healthcare Records 2024_v10,Operations,2628.4,2024-03-15 12:41:50
Server Access Logs 2023_v8,Finance,4887.16,2024-08-18 15:12:27
Financial Transactions 2023_v4,Logistics,804.95,2025-02-06 16:21:52
Network Traffic Dump 2024_v5,Marketing,3193.64,2025-04-27 23:09:52
Server Access Logs 2024_v10,Logistics,3547.76,2025-05-12 07:59:55
User Behavior Logs 2023_v8,Operations,2142.07,2024-09-02 20:25:51
User Behavior Logs 2025_v9,Logistics,1644.6,2025-09-08 00:29:33
Inventory Status 2024_v5,Finance,1211.68,2024-04-08 03:22:20
Network Traffic Dump 2025_v3,Sales,4025.44,2024-08-16 16:37:14
Healthcare Records 2024_v5,IT Security,1677.92,2024-08-18 09:59:52
Supply Chain Metrics 2025_v5,Healthcare,2188.51,2025-09-27 18:39:06
Network Traffic Dump 2023_v2,Operations,3459.93,2025-06-23 22:19:22
Inventory Status 2025_v8,Operations,4782.46,2025-09-01 21:27:41
Supply Chain Metrics 2023_v9,IT Security,4000.22,2025-07-23 04:25:32
Server Access Logs 2025_v4,Logistics,2182.69,2023-12-17 04:04:13
Customer Churn Data 2023_v5,Operations,939.45,2024-07-26 00:09:34
Inventory Status 2025_v5,Logistics,173.01,2025-04-02 08:14:20
Financial Transactions 2024_v3,Logistics,2170.23,2025-01-14 12:05:40
Social Media Sentiment 2024_v7,Operations,4524.36,2025-03-08 06:11:29
Financial Transactions 2024_v8,Sales,1788.7,2024-07-29 01:14:04
Inventory Status 2024_v2,Human Resources,859.46,2024-02-23 09:07:29
Q1 Sales Report 2024_v1,Marketing,3326.42,2025-07-13 18:17:58
Employee Performance 2024_v10,Operations,2424.35,2025-08-17 16:32:07
Social Media Sentiment 2025_v9,Logistics,1318.57,2025-10-25 01:07:29
Employee Performance 2023_v3,Human Resources,4031.7,2025-07-22 21:48:56
Financial Transactions 2024_v9,Finance,4976.43,2024-08-21 04:15:05
User Behavior Logs 2025_v7,IT Security,1583.7,2025-02-07 11:36:41
Network Traffic Dump 2023_v8,Finance,1533.2,2025-10-29 11:00:15
User Behavior Logs 2023_v6,Logistics,1456.52,2024-08-23 20:46:03
Server Access Logs 2025_v4,IT Security,4206.32,2025-03-09 14:23:15
User Behavior Logs 2024_v7,Operations,4296.08,2025-08-16 07:41:01
Supply Chain Metrics 2024_v1,Human Resources,4605.38,2024-07-22 10:34:23
Supply Chain Metrics 2023_v3,Healthcare,2520.71,2025-06-19 04:07:14
Supply Chain Metrics 2024_v6,Finance,1530.95,2025-01-17 08:29:00
Financial Transactions 2024_v3,Logistics,1261.11,2024-05-13 13:05:26
Financial Transactions 2023_v9,Finance,243.81,2024-07-04 23:29:21
Employee Performance 2024_v1,Finance,84.75,2025-09-24 09:38:38
IoT Sensor Data 2025_v3,Healthcare,987.99,2024-06-28 22:40:50
Q1 Sales Report 2024_v6,Finance,4220.73,2024-04-28 15:50:01
User Behavior Logs 2023_v7,Marketing,1996.16,2025-08-23 03:08:17
Social Media Sentiment 2024_v2,IT Security,2513.22,2025-04-17 16:32:10
Supply Chain Metrics 2023_v9,Human Resources,1958.64,2024-04-14 19:49:50
Customer Churn Data 2024_v9,Operations,4256.39,2024-10-23 14:39:38
User Behavior Logs 2024_v1,Finance,2348.82,2025-06-02 20:43:23
Customer Churn Data 2025_v1,Human Resources,244.01,2024-04-26 18:21:25
Social Media Sentiment 2024_v3,Healthcare,1572.08,2024-07-14 19:21:39
Social Media Sentiment 2025_v3,Operations,481.51,2025-07-02 21:12:57
Inventory Status 2025_v7,Finance,326.6,2024-12-18 16:45:30
IoT Sensor Data 2025_v6,Healthcare,1739.14,2025-04-23 12:18:15
Healthcare Records 2025_v10,Human Resources,1141.14,2025-04-23 15:19:58
IoT Sensor Data 2024_v2,Logistics,908.88,2025-12-09 23:34:10
Q1 Sales Report 2023_v7,Logistics,1660.83,2024-05-30 01:55:18
Employee Performance 2024_v3,Marketing,3645.62,2025-09-27 13:29:36
Customer Churn Data 2024_v9,Sales,3059.9,2023-12-20 08:06:57
Healthcare Records 2024_v6,IT Security,730.08,2024-10-28 18:15:14
Customer Churn Data 2025_v9,Healthcare,4849.09,2025-04-11 21:47:33
Supply Chain Metrics 2024_v1,Marketing,1998.1,2024-10-31 15:43:23
Inventory Status 2025_v3,IT Security,409.52,2024-06-26 12:36:19
Employee Performance 2024_v6,Sales,2999.98,2025-12-06 05:47:18
Q1 Sales Report 2024_v8,Sales,1176.98,2025-01-09 23:40:27
Healthcare Records 2023_v10,Operations,740.2,2024-10-23 17:12:38
Healthcare Records 2023_v5,Operations,1794.03,2025-04-29 00:07:54
IoT Sensor Data 2024_v7,Logistics,2844.7,2025-01-23 02:05:53
Healthcare Records 2024_v10,Sales,2214.35,2025-04-14 12:13:42
Q1 Sales Report 2023_v8,Sales,975.16,2024-03-05 06:30:40
Q1 Sales Report 2025_v6,Human Resources,2734.63,2024-04-19 20:17:23
Healthcare Records 2024_v8,Operations,1911.73,2024-01-24 17:32:20
User Behavior Logs 2025_v8,Operations,453.29,2024-02-04 07:10:01
Network Traffic Dump 2025_v8,Marketing,3886.92,2024-04-29 17:19:18
Employee Performance 2025_v3,IT Security,1967.34,2024-08-13 16:18:39
Social Media Sentiment 2025_v8,IT Security,1383.9,2025-07-14 06:36:39
Social Media Sentiment 2023_v6,Healthcare,886.92,2025-08-31 21:03:41
Q1 Sales Report 2023_v8,Human Resources,2073.69,2024-06-15 00:10:33
Employee Performance 2023_v3,Human Resources,229.75,2024-06-03 11:05:10
Healthcare Records 2024_v10,Human Resources,2903.52,2025-06-29 05:55:29
IoT Sensor Data 2024_v10,Logistics,4374.84,2024-01-04 04:56:00
Supply Chain Metrics 2023_v8,Finance,4594.69,2024-03-12 09:56:46
IoT Sensor Data 2023_v10,Operations,1768.51,2025-08-13 01:00:25
IoT Sensor Data 2025_v1,Operations,2119.71,2024-08-25 15:27:29
Supply Chain Metrics 2023_v5,Logistics,3147.17,2024-07-06 03:59:21
User Behavior Logs 2024_v5,Human Resources,4951.35,2025-10-16 03:06:48
Financial Transactions 2023_v1,IT Security,2575.23,2024-12-31 05:49:45
Supply Chain Metrics 2023_v9,IT Security,2942.71,2025-03-25 18:50:05
Network Traffic Dump 2024_v10,Logistics,2568.5,2025-01-14 18:53:11
Employee Performance 2025_v5,IT Security,3533.05,2024-07-26 15:42:39
Financial Transactions 2024_v3,Finance,3455.94,2024-07-13 04:05:17
IoT Sensor Data 2023_v6,Human Resources,4741.0,2024-03-28 11:28:21
Network Traffic Dump 2023_v5,Human Resources,1892.19,2025-05-11 19:17:39
Network Traffic Dump 2023_v9,Human Resources,4998.34,2024-12-14 10:53:08
Financial Transactions 2024_v5,Finance,1424.9,2025-05-25 11:10:06
Supply Chain Metrics 2023_v6,Operations,1927.77,2024-05-20 21:23:23
Supply Chain Metrics 2025_v1,Healthcare,4567.42,2024-03-05 02:57:53
User Behavior Logs 2024_v2,Finance,3003.19,2025-11-03 08:29:09
Network Traffic Dump 2024_v3,IT Security,3854.1,2025-06-11 03:30:05
User Behavior Logs 2023_v1,Finance,431.62,2024-09-27 01:47:55
Customer Churn Data 2025_v6,Operations,1771.64,2024-01-23 04:27:36
Customer Churn Data 2025_v2,Logistics,3452.22,2025-05-03 19:07:02
User Behavior Logs 2025_v6,Human Resources,3059.05,2025-10-17 15:33:36
Supply Chain Metrics 2023_v1,Healthcare,940.63,2024-09-11 09:05:44
Healthcare Records 2025_v4,Human Resources,942.76,2024-07-27 07:15:54
Server Access Logs 2024_v6,Human Resources,2494.91,2024-08-20 09:19:07
Q1 Sales Report 2025_v3,Logistics,3210.97,2025-07-27 01:55:47
Customer Churn Data 2023_v9,IT Security,2578.83,2025-10-31 02:31:06
Healthcare Records 2024_v8,Operations,4320.17,2024-10-29 05:30:50
Healthcare Records 2023_v4,IT Security,675.22,2024-03-20 20:01:31
IoT Sensor Data 2024_v3,Human Resources,3885.64,2024-09-03 16:04:28
Network Traffic Dump 2025_v10,Marketing,499.56,2025-11-02 12:08:45
Healthcare Records 2025_v1,Sales,2690.61,2025-04-28 23:28:38
Network Traffic Dump 2023_v2,IT Security,4462.12,2025-05-12 06:47:10
Financial Transactions 2025_v6,Logistics,700.24,2024-11-15 18:58:08
Inventory Status 2025_v9,Sales,3196.44,2024-08-11 09:48:04
User Behavior Logs 2025_v2,Marketing,217.8,2024-05-08 10:26:35
Q1 Sales Report 2023_v7,Healthcare,366.19,2024-11-22 04:53:59
Inventory Status 2025_v2,Operations,4549.04,2025-05-16 01:45:28
Healthcare Records 2023_v9,Finance,1911.15,2025-04-04 12:13:10
Inventory Status 2025_v2,Healthcare,1453.43,2025-01-23 15:46:34
Server Access Logs 2024_v1,Operations,2656.07,2025-05-22 01:51:58
IoT Sensor Data 2023_v10,Marketing,835.62,2024-05-17 06:36:11
Server Access Logs 2023_v5,Finance,3796.45,2025-01-25 05:45:04
Financial Transactions 2023_v6,Logistics,2290.73,2024-12-18 08:01:01
Inventory Status 2024_v3,Healthcare,2627.97,2025-11-16 05:44:25
Server Access Logs 2024_v3,IT Security,3132.83,2024-03-14 02:27:54
Inventory Status 2025_v9,Logistics,2368.08,2025-04-22 19:27:20
IoT Sensor Data 2023_v3,Marketing,3469.66,2024-11-25 11:42:18
Server Access Logs 2023_v8,Marketing,2253.98,2025-09-28 23:50:35
Customer Churn Data 2024_v1,Operations,574.81,2024-10-01 04:47:35
Financial Transactions 2025_v3,Human Resources,4284.74,2025-05-12 16:56:05
Social Media Sentiment 2025_v2,Sales,2593.2,2024-01-01 14:09:38
Financial Transactions 2025_v2,Human Resources,585.7,2025-06-04 14:15:35
Social Media Sentiment 2023_v4,Human Resources,2080.49,2025-01-27 16:22:49
Inventory Status 2024_v1,IT Security,2741.26,2024-08-20 16:34:42
Financial Transactions 2024_v6,Marketing,3813.87,2024-07-12 18:40:59
IoT Sensor Data 2023_v4,Finance,3492.92,2024-06-19 08:31:40
User Behavior Logs 2025_v5,Operations,1803.87,2025-05-18 13:29:45
Supply Chain Metrics 2024_v5,Logistics,3845.63,2024-08-11 08:53:25
Healthcare Records 2024_v7,Operations,386.37,2025-07-20 17:09:35
Healthcare Records 2023_v8,Sales,195.72,2024-09-04 16:10:25
User Behavior Logs 2023_v8,Human Resources,4785.33,2025-06-22 00:14:52
Healthcare Records 2025_v8,Marketing,3597.34,2024-07-05 12:03:24
Customer Churn Data 2024_v9,Sales,3491.62,2025-07-03 16:41:49
Server Access Logs 2024_v9,Sales,4172.27,2025-03-13 03:30:11
Customer Churn Data 2023_v1,Marketing,1049.87,2025-02-17 19:51:02
Customer Churn Data 2024_v8,Operations,1916.21,2024-06-10 09:01:20
Q1 Sales Report 2024_v2,Sales,4802.39,2024-08-13 08:29:00
Customer Churn Data 2023_v5,IT Security,3578.45,2024-03-25 02:44:59
Financial Transactions 2025_v2,IT Security,4894.24,2024-12-07 11:02:03
Server Access Logs 2024_v3,Operations,3583.36,2025-06-09 13:08:46
Network Traffic Dump 2025_v1,Operations,205.87,2024-03-23 16:25:36
IoT Sensor Data 2025_v10,Healthcare,2876.89,2024-03-14 19:07:56
IoT Sensor Data 2024_v2,Human Resources,3726.28,2024-10-02 10:52:58
Inventory Status 2023_v9,Finance,3251.69,2023-12-26 05:26:23
Q1 Sales Report 2025_v1,IT Security,4828.39,2024-08-14 14:21:29
Social Media Sentiment 2025_v1,IT Security,2525.05,2025-02-17 13:21:23
Financial Transactions 2025_v9,Human Resources,2962.24,2023-12-26 00:29:49
User Behavior Logs 2025_v1,Healthcare,43.76,2024-09-28 10:29:15
Inventory Status 2025_v5,Finance,1644.87,2025-11-19 13:19:44
Financial Transactions 2025_v1,IT Security,821.87,2024-09-01 15:07:42
Supply Chain Metrics 2024_v1,Human Resources,4574.9,2024-05-10 12:13:35
Server Access Logs 2024_v4,Finance,1391.22,2025-05-12 05:42:15
Inventory Status 2023_v4,Human Resources,4208.91,2023-12-28 01:29:37
Customer Churn Data 2024_v2,IT Security,2334.43,2025-01-05 14:16:59
Social Media Sentiment 2025_v4,Logistics,4416.4,2025-11-23 03:14:29
Employee Performance 2024_v5,Healthcare,1214.88,2024-05-01 05:36:08
IoT Sensor Data 2024_v8,Marketing,2235.51,2025-06-04 22:04:27
Inventory Status 2024_v9,IT Security,3529.04,2024-01-15 10:30:25
IoT Sensor Data 2025_v5,Logistics,34.79,2025-07-18 14:52:02
Healthcare Records 2023_v10,Finance,3031.31,2024-12-24 20:16:30
Social Media Sentiment 2023_v2,Finance,2888.13,2024-01-28 10:26:14
IoT Sensor Data 2024_v5,Sales,1716.35,2025-01-16 11:43:17
Employee Performance 2025_v2,IT Security,459.78,2024-08-29 11:42:11
Inventory Status 2023_v3,Finance,2119.41,2025-06-28 01:47:08
Healthcare Records 2025_v4,Healthcare,1358.94,2025-04-18 11:23:05
Financial Transactions 2023_v10,Sales,4783.62,2025-08-20 09:35:43
IoT Sensor Data 2025_v1,Logistics,1705.66,2024-07-09 20:34:01
Customer Churn Data 2023_v6,Logistics,4027.9,2025-04-15 21:16:38
Customer Churn Data 2024_v6,Healthcare,4204.54,2024-07-07 12:41:43
Supply Chain Metrics 2023_v1,Logistics,2255.2,2024-04-09 03:14:11
User Behavior Logs 2025_v5,Human Resources,2910.9,2024-04-29 20:31:03
Employee Performance 2023_v10,Logistics,4338.53,2024-03-13 19:28:08
Social Media Sentiment 2024_v4,Operations,3781.52,2024-02-22 07:35:32
Supply Chain Metrics 2024_v4,Healthcare,872.63,2025-12-11 15:48:20
Server Access Logs 2024_v4,Human Resources,1296.62,2025-03-06 02:05:20
Social Media Sentiment 2023_v8,Finance,1249.34,2024-03-09 06:33:02
Employee Performance 2024_v1,Sales,75.76,2025-07-02 17:28:39
Social Media Sentiment 2024_v3,Logistics,3230.35,2025-09-12 22:08:49
Q1 Sales Report 2024_v1,Sales,3808.55,2025-10-14 13:58:43
Supply Chain Metrics 2024_v9,IT Security,1907.87,2024-06-02 13:09:37
User Behavior Logs 2024_v1,Finance,3509.12,2025-05-18 17:31:22
Server Access Logs 2024_v2,Human Resources,3963.94,2024-11-02 09:47:29
Q1 Sales Report 2023_v6,Healthcare,2342.64,2024-12-12 04:47:04
Financial Transactions 2023_v4,Healthcare,2901.53,2025-08-01 15:33:42
Social Media Sentiment 2023_v4,Logistics,2827.38,2024-10-21 08:51:31
Healthcare Records 2023_v3,Human Resources,3030.13,2025-10-12 02:42:06
Healthcare Records 2025_v4,IT Security,2474.7,2025-04-08 22:43:49
Social Media Sentiment 2023_v2,Logistics,1170.3,2025-06-05 13:02:35
Q1 Sales Report 2023_v9,Operations,705.14,2024-03-27 06:55:49
Network Traffic Dump 2023_v7,Sales,3389.77,2024-01-30 06:42:16
Healthcare Records 2024_v5,Operations,3840.45,2025-08-03 15:48:12
Server Access Logs 2023_v9,Logistics,522.31,2024-03-22 06:16:07
Social Media Sentiment 2023_v7,Human Resources,1347.66,2025-01-16 12:27:18
Inventory Status 2024_v6,Marketing,702.11,2025-09-10 10:57:18
User Behavior Logs 2023_v5,Human Resources,3140.58,2025-04-11 00:27:29
Supply Chain Metrics 2023_v6,Finance,3539.27,2025-10-06 09:39:02
Network Traffic Dump 2025_v4,Human Resources,4416.25,2025-03-30 23:07:25
Supply Chain Metrics 2024_v2,Finance,2763.41,2024-02-08 23:01:00
IoT Sensor Data 2024_v9,IT Security,77.43,2025-04-06 08:46:40
IoT Sensor Data 2023_v1,Healthcare,3588.1,2025-07-16 05:57:17
Social Media Sentiment 2025_v3,Healthcare,175.26,2025-10-04 23:35:59
Healthcare Records 2023_v10,Sales,4166.0,2024-04-25 18:33:18
Supply Chain Metrics 2023_v9,Healthcare,23.15,2025-07-04 00:14:37
Employee Performance 2024_v8,Marketing,1914.55,2024-08-18 01:43:13
Server Access Logs 2025_v10,Finance,3284.72,2025-07-30 05:23:32
Inventory Status 2023_v8,IT Security,167.64,2025-04-21 08:28:11
Customer Churn Data 2023_v5,Healthcare,4520.01,2025-08-28 11:50:28
Inventory Status 2023_v10,Marketing,844.06,2025-03-14 08:16:15
Inventory Status 2023_v10,Human Resources,2111.53,2024-06-05 09:41:47
Q1 Sales Report 2023_v4,IT Security,4311.49,2024-02-09 01:33:54
Social Media Sentiment 2023_v4,Healthcare,967.67,2025-05-13 05:15:10
Network Traffic Dump 2023_v4,Logistics,1379.59,2024-03-17 05:42:28
Server Access Logs 2024_v10,Sales,303.12,2024-10-13 21:42:13
Inventory Status 2024_v1,IT Security,3897.14,2025-05-11 01:57:30
Healthcare Records 2025_v7,Marketing,36.47,2024-07-27 23:09:29
Supply Chain Metrics 2024_v7,Finance,1951.17,2024-02-06 21:02:28
Employee Performance 2025_v7,Logistics,930.93,2023-12-21 00:04:10
Network Traffic Dump 2023_v7,Operations,2760.25,2024-02-21 16:53:19
Server Access Logs 2023_v5,Healthcare,4025.63,2024-06-01 12:28:55
Customer Churn Data 2025_v3,Finance,1861.16,2025-06-13 00:15:43
Employee Performance 2024_v1,Operations,4009.91,2024-07-27 11:28:38
Healthcare Records 2024_v3,Sales,2930.86,2024-10-18 13:57:28
Financial Transactions 2024_v1,IT Security,3637.86,2025-12-03 17:55:59
Employee Performance 2023_v5,Finance,615.22,2023-12-16 02:26:50
Server Access Logs 2023_v8,Human Resources,661.27,2025-12-01 22:12:56
Q1 Sales Report 2025_v8,Operations,388.27,2025-02-14 17:14:44
Employee Performance 2025_v10,Marketing,3511.2,2024-01-12 06:10:46
Financial Transactions 2024_v10,Marketing,4909.88,2024-03-06 14:48:02
User Behavior Logs 2023_v5,Healthcare,3121.61,2025-01-23 12:16:47
Supply Chain Metrics 2023_v8,Marketing,4776.68,2025-02-28 01:25:03
Social Media Sentiment 2023_v2,IT Security,1978.65,2024-12-17 15:30:46
IoT Sensor Data 2023_v1,Human Resources,2199.74,2024-12-10 10:43:00
Supply Chain Metrics 2025_v1,Logistics,3333.79,2024-12-22 20:06:45
Employee Performance 2025_v5,Sales,664.54,2024-02-18 23:40:29
Healthcare Records 2023_v3,IT Security,3292.43,2025-07-06 15:12:48
Employee Performance 2023_v10,Logistics,2504.45,2024-02-26 08:58:07
Financial Transactions 2025_v9,Marketing,643.16,2025-07-20 22:23:27
Supply Chain Metrics 2023_v1,Finance,3973.69,2025-11-25 05:10:29
Inventory Status 2025_v6,Sales,2322.8,2025-07-28 21:05:57
IoT Sensor Data 2023_v10,Finance,758.78,2025-07-15 16:22:10
Network Traffic Dump 2024_v5,IT Security,1105.41,2025-07-10 23:42:10
Customer Churn Data 2024_v6,Logistics,4366.38,2025-06-25 03:51:36
Financial Transactions 2023_v1,Sales,791.68,2024-02-26 06:47:16
Customer Churn Data 2025_v10,Logistics,542.61,2025-09-10 10:31:36
Network Traffic Dump 2025_v10,Human Resources,766.93,2025-02-16 17:14:52
Social Media Sentiment 2024_v10,Sales,1230.65,2025-11-07 15:13:12
Network Traffic Dump 2023_v5,Healthcare,3169.29,2024-05-07 08:43:45
Financial Transactions 2024_v5,Operations,4586.26,2024-02-11 18:14:59
Employee Performance 2023_v3,Logistics,530.67,2024-05-12 08:05:15
Q1 Sales Report 2023_v6,Marketing,2725.15,2025-04-28 13:44:31
Server Access Logs 2023_v10,Human Resources,3000.28,2024-03-01 23:37:40
Q1 Sales Report 2025_v8,IT Security,2461.21,2025-08-02 10:30:22
User Behavior Logs 2024_v10,Marketing,3323.28,2025-04-10 00:50:11
Inventory Status 2023_v5,Logistics,321.33,2024-01-21 20:40:27
Network Traffic Dump 2024_v3,Finance,896.67,2025-07-30 05:35:45
Social Media Sentiment 2025_v1,Sales,1790.41,2024-04-16 04:13:38
Social Media Sentiment 2025_v5,Sales,4798.92,2024-01-03 19:20:09
Social Media Sentiment 2025_v2,Human Resources,4118.04,2024-08-28 22:20:58
User Behavior Logs 2023_v2,Operations,2288.62,2025-08-27 23:27:22
Network Traffic Dump 2025_v2,Logistics,2038.72,2025-01-12 12:39:11
Customer Churn Data 2025_v7,Logistics,2967.76,2025-09-25 19:49:44
Q1 Sales Report 2025_v10,Healthcare,2013.45,2024-04-17 22:30:57
Healthcare Records 2024_v10,IT Security,385.08,2025-03-09 23:52:38
Server Access Logs 2023_v2,Marketing,2833.14,2025-07-21 08:28:16
